Workbook

Sheet Summary
A1: AI Tool Register — Summary
A2: Yellow cells are inputs. Counts are formulas over the Register, Change Log and Review Log sheets.
A4: Measure | B4: Value | C4: How it is calculated
A5: AI tools in the register | B5: =COUNTIF(Register!$A$2:$A$101,"?*") -> 2 | C5: Rows with a tool name
A6: Cleared for use | B6: =COUNTIF(Register!$O$2:$O$101,"Cleared") -> 1 | C6: Status formula = Cleared
A7: Not cleared | B7: =COUNTIF(Register!$O$2:$O$101,"Not cleared") -> 1 | C7: Status formula = Not cleared
A8: No named sign-off owner | B8: =SUMPRODUCT((LEN(TRIM(Register!$A$2:$A$101))>0)*(Register!$M$2:$M$101<>"Yes")*((LEN(TRIM(Register!$E$2:$E$101))=0)+(Register!$E$2:$E$101="NEEDS OWNER INPUT")>0)) -> 1 | C8: Name present, builder does not own it, sign-off owner blank
A9: Reviews overdue | B9: =COUNTIF(Register!$P$2:$P$101,"Overdue") -> 0 | C9: Next review date before today
A10: Reviews due within 30 days | B10: =COUNTIF(Register!$P$2:$P$101,"Due within 30 days") -> 1 | C10: Next review date in the next 30 days
A11: Changes logged | B11: =COUNTA('Change Log'!$A$2:$A$201) -> 1 | C11: Rows in Change Log with a date
A12: Checklist reviews recorded | B12: =COUNTA('Review Log'!$A$2:$A$201) -> 0 | C12: Rows in Review Log with a date
A13: Register owner | C13: Input: the person accountable for this register
A14: Register next review date | C14: Input: when the owner next reviews this register and its fields
A15: Last backup / export | C15: Input: date of the most recent copy saved elsewhere

Sheet Requirements
A1: Minimum requirements for any AI tool register
A2: Kretz can use this workbook, a SharePoint list, or anything else. Whatever it is, it should pass these. Mark each Pass or Fail.
A4: # | B4: Requirement | C4: How this workbook meets it | D4: Pass / Fail
A5: 1 | B5: Every AI tool in use has exactly one record. | C5: Register sheet, one row per tool. Tool name dropdowns in the logs come from it.
A6: 2 | B6: Each record names a builder and a sign-off owner, or states that the builder owns the outcome. | C6: Builder, Sign-off owner and Builder owns outcome columns.
A7: 3 | B7: Cleared / not-cleared status is calculated from the required fields, not typed by hand. | C7: Status and Missing columns are formulas.
A8: 4 | B8: Each record has a next review date, and overdue reviews are visibly flagged. | C8: Review column (TODAY-based) with red / amber highlighting; Summary counts.
A9: 5 | B9: Changes are logged with date, what changed, who changed it, and who approved it. | C9: Change Log sheet.
A10: 6 | B10: Checklist review results are recorded with date, decision and evidence. | C10: Review Log sheet.
A11: 7 | B11: Only named people can edit; everyone who uses the tools can view. | C11: Not built in: set file permissions where it is stored (e.g. SharePoint / OneDrive: owners edit, others view).
A12: 8 | B12: The register is backed up or versioned, and a copy can be exported. | C12: Store it where version history is on; record the last backup on Summary.
A13: 9 | B13: The register itself has a named owner and a scheduled review date. | C13: Summary: Register owner and Register next review date.
B15: Decision | C15: =IF(COUNTIF(D5:D13,"Fail")>0,"Not approved: fix the failing items only",IF(COUNTIF(D5:D13,"Pass")=9,"APPROVED. This register is done.","In review: "&COUNTIF(D5:D13,"Pass")&" of 9 passed")) -> In review: 0 of 9 passed

Sheet Register
A1: Tool name | B1: What it does | C1: Who uses it | D1: Builder | E1: Sign-off owner | F1: Decisions it supports | G1: Data it uses (sources) | H1: Data it must never receive | I1: Checklist it must pass | J1: When it is wrong | K1: Platform | L1: Next review date | M1: Builder owns outcome | N1: Custom fields | O1: Status | P1: Review | Q1: Missing (required) | R1: Last updated | S1: Updated by
A2: Kretz Parcel Scout | B2: A forester taps a location or uses GPS; shows the county parcel record, MFL enrollment, soils, comparable land sales and lead signals, each with its public source. | C2: Foresters, land buyers | D2: NTC training prototype | F2: Whether to pursue a parcel and what to verify before contacting the owner | G2: WI Statewide Parcels, WI DNR tax-law points, USDA soil survey, WI DOR transfer returns | H2: Confidential offers, internal deal notes, landowner personal details beyond the public record | I2: AI valuation tool output | J2: Report through No-Fault Reporting with parcel ID and screenshot; builder corrects; shared figures re-checked by sign-off owner. | K2: Web app (Vercel) | L2: 46327 | M2: Yes | N2: Web address: https://kretzdemo-phi.vercel.app/ | O2: =IF($A2="","",IF(Q2="","Cleared","Not cleared")) -> Cleared | P2: =IF($A2="","",IF(NOT(ISNUMBER(L2)),"No review date",IF(L2<TODAY(),"Overdue",IF(L2-TODAY()<=30,"Due within 30 days","OK")))) -> Due within 30 days | Q2: =IF($A2="","",IF(OR(LEN(TRIM(B2))=0,B2="NEEDS OWNER INPUT"),"What it does; ","")&IF(OR(LEN(TRIM(D2))=0,D2="NEEDS OWNER INPUT"),"Builder; ","")&IF(OR(LEN(TRIM(G2))=0,G2="NEEDS OWNER INPUT"),"Data it uses; ","")&IF(OR(LEN(TRIM(H2))=0,H2="NEEDS OWNER INPUT"),"Data it must never receive; ","")&IF(OR(LEN(TRIM(I2))=0,I2="NEEDS OWNER INPUT"),"Checklist; ","")&IF(OR(LEN(TRIM(J2))=0,J2="NEEDS OWNER INPUT"),"When it is wrong; ","")&IF(AND(M2<>"Yes",OR(LEN(TRIM(E2))=0,E2="NEEDS OWNER INPUT")),"Sign-off owner; ","")&IF(NOT(ISNUMBER(L2)),"Next review date; ","")) | R2: 46309 | S2: Example
A3: Kretz DNA Assistant | B3: Rewrites outgoing messages into the Kretz voice, preserves facts, and flags anything that needs human review. | C3: Anyone sending external messages | D3: NTC training (Custom GPT) | E3: NEEDS OWNER INPUT | F3: None directly; drafts messages a person sends | G3: Message pasted in by the user; Kretz voice guide in the GPT instructions | H3: Confidential pricing, deal terms, personnel matters | I3: Outgoing landowner letter or email drafted with AI | J3: Sender corrects before sending; repeated problems reported through No-Fault Reporting. | K3: ChatGPT Custom GPT | M3: No | O3: =IF($A3="","",IF(Q3="","Cleared","Not cleared")) -> Not cleared | P3: =IF($A3="","",IF(NOT(ISNUMBER(L3)),"No review date",IF(L3<TODAY(),"Overdue",IF(L3-TODAY()<=30,"Due within 30 days","OK")))) -> No review date | Q3: =IF($A3="","",IF(OR(LEN(TRIM(B3))=0,B3="NEEDS OWNER INPUT"),"What it does; ","")&IF(OR(LEN(TRIM(D3))=0,D3="NEEDS OWNER INPUT"),"Builder; ","")&IF(OR(LEN(TRIM(G3))=0,G3="NEEDS OWNER INPUT"),"Data it uses; ","")&IF(OR(LEN(TRIM(H3))=0,H3="NEEDS OWNER INPUT"),"Data it must never receive; ","")&IF(OR(LEN(TRIM(I3))=0,I3="NEEDS OWNER INPUT"),"Checklist; ","")&IF(OR(LEN(TRIM(J3))=0,J3="NEEDS OWNER INPUT"),"When it is wrong; ","")&IF(AND(M3<>"Yes",OR(LEN(TRIM(E3))=0,E3="NEEDS OWNER INPUT")),"Sign-off owner; ","")&IF(NOT(ISNUMBER(L3)),"Next review date; ","")) -> Sign-off owner; Next review date; | R3: 46309 | S3: Example
O4: =IF($A4="","",IF(Q4="","Cleared","Not cleared")) | P4: =IF($A4="","",IF(NOT(ISNUMBER(L4)),"No review date",IF(L4<TODAY(),"Overdue",IF(L4-TODAY()<=30,"Due within 30 days","OK")))) | Q4: =IF($A4="","",IF(OR(LEN(TRIM(B4))=0,B4="NEEDS OWNER INPUT"),"What it does; ","")&IF(OR(LEN(TRIM(D4))=0,D4="NEEDS OWNER INPUT"),"Builder; ","")&IF(OR(LEN(TRIM(G4))=0,G4="NEEDS OWNER INPUT"),"Data it uses; ","")&IF(OR(LEN(TRIM(H4))=0,H4="NEEDS OWNER INPUT"),"Data it must never receive; ","")&IF(OR(LEN(TRIM(I4))=0,I4="NEEDS OWNER INPUT"),"Checklist; ","")&IF(OR(LEN(TRIM(J4))=0,J4="NEEDS OWNER INPUT"),"When it is wrong; ","")&IF(AND(M4<>"Yes",OR(LEN(TRIM(E4))=0,E4="NEEDS OWNER INPUT")),"Sign-off owner; ","")&IF(NOT(ISNUMBER(L4)),"Next review date; ",""))
O5: =IF($A5="","",IF(Q5="","Cleared","Not cleared")) | P5: =IF($A5="","",IF(NOT(ISNUMBER(L5)),"No review date",IF(L5<TODAY(),"Overdue",IF(L5-TODAY()<=30,"Due within 30 days","OK")))) | Q5: =IF($A5="","",IF(OR(LEN(TRIM(B5))=0,B5="NEEDS OWNER INPUT"),"What it does; ","")&IF(OR(LEN(TRIM(D5))=0,D5="NEEDS OWNER INPUT"),"Builder; ","")&IF(OR(LEN(TRIM(G5))=0,G5="NEEDS OWNER INPUT"),"Data it uses; ","")&IF(OR(LEN(TRIM(H5))=0,H5="NEEDS OWNER INPUT"),"Data it must never receive; ","")&IF(OR(LEN(TRIM(I5))=0,I5="NEEDS OWNER INPUT"),"Checklist; ","")&IF(OR(LEN(TRIM(J5))=0,J5="NEEDS OWNER INPUT"),"When it is wrong; ","")&IF(AND(M5<>"Yes",OR(LEN(TRIM(E5))=0,E5="NEEDS OWNER INPUT")),"Sign-off owner; ","")&IF(NOT(ISNUMBER(L5)),"Next review date; ",""))
O6: =IF($A6="","",IF(Q6="","Cleared","Not cleared")) | P6: =IF($A6="","",IF(NOT(ISNUMBER(L6)),"No review date",IF(L6<TODAY(),"Overdue",IF(L6-TODAY()<=30,"Due within 30 days","OK")))) | Q6: =IF($A6="","",IF(OR(LEN(TRIM(B6))=0,B6="NEEDS OWNER INPUT"),"What it does; ","")&IF(OR(LEN(TRIM(D6))=0,D6="NEEDS OWNER INPUT"),"Builder; ","")&IF(OR(LEN(TRIM(G6))=0,G6="NEEDS OWNER INPUT"),"Data it uses; ","")&IF(OR(LEN(TRIM(H6))=0,H6="NEEDS OWNER INPUT"),"Data it must never receive; ","")&IF(OR(LEN(TRIM(I6))=0,I6="NEEDS OWNER INPUT"),"Checklist; ","")&IF(OR(LEN(TRIM(J6))=0,J6="NEEDS OWNER INPUT"),"When it is wrong; ","")&IF(AND(M6<>"Yes",OR(LEN(TRIM(E6))=0,E6="NEEDS OWNER INPUT")),"Sign-off owner; ","")&IF(NOT(ISNUMBER(L6)),"Next review date; ",""))
O7: =IF($A7="","",IF(Q7="","Cleared","Not cleared")) | P7: =IF($A7="","",IF(NOT(ISNUMBER(L7)),"No review date",IF(L7<TODAY(),"Overdue",IF(L7-TODAY()<=30,"Due within 30 days","OK")))) | Q7: =IF($A7="","",IF(OR(LEN(TRIM(B7))=0,B7="NEEDS OWNER INPUT"),"What it does; ","")&IF(OR(LEN(TRIM(D7))=0,D7="NEEDS OWNER INPUT"),"Builder; ","")&IF(OR(LEN(TRIM(G7))=0,G7="NEEDS OWNER INPUT"),"Data it uses; ","")&IF(OR(LEN(TRIM(H7))=0,H7="NEEDS OWNER INPUT"),"Data it must never receive; ","")&IF(OR(LEN(TRIM(I7))=0,I7="NEEDS OWNER INPUT"),"Checklist; ","")&IF(OR(LEN(TRIM(J7))=0,J7="NEEDS OWNER INPUT"),"When it is wrong; ","")&IF(AND(M7<>"Yes",OR(LEN(TRIM(E7))=0,E7="NEEDS OWNER INPUT")),"Sign-off owner; ","")&IF(NOT(ISNUMBER(L7)),"Next review date; ",""))
O8: =IF($A8="","",IF(Q8="","Cleared","Not cleared")) | P8: =IF($A8="","",IF(NOT(ISNUMBER(L8)),"No review date",IF(L8<TODAY(),"Overdue",IF(L8-TODAY()<=30,"Due within 30 days","OK")))) | Q8: =IF($A8="","",IF(OR(LEN(TRIM(B8))=0,B8="NEEDS OWNER INPUT"),"What it does; ","")&IF(OR(LEN(TRIM(D8))=0,D8="NEEDS OWNER INPUT"),"Builder; ","")&IF(OR(LEN(TRIM(G8))=0,G8="NEEDS OWNER INPUT"),"Data it uses; ","")&IF(OR(LEN(TRIM(H8))=0,H8="NEEDS OWNER INPUT"),"Data it must never receive; ","")&IF(OR(LEN(TRIM(I8))=0,I8="NEEDS OWNER INPUT"),"Checklist; ","")&IF(OR(LEN(TRIM(J8))=0,J8="NEEDS OWNER INPUT"),"When it is wrong; ","")&IF(AND(M8<>"Yes",OR(LEN(TRIM(E8))=0,E8="NEEDS OWNER INPUT")),"Sign-off owner; ","")&IF(NOT(ISNUMBER(L8)),"Next review date; ",""))
O9: =IF($A9="","",IF(Q9="","Cleared","Not cleared")) | P9: =IF($A9="","",IF(NOT(ISNUMBER(L9)),"No review date",IF(L9<TODAY(),"Overdue",IF(L9-TODAY()<=30,"Due within 30 days","OK")))) | Q9: =IF($A9="","",IF(OR(LEN(TRIM(B9))=0,B9="NEEDS OWNER INPUT"),"What it does; ","")&IF(OR(LEN(TRIM(D9))=0,D9="NEEDS OWNER INPUT"),"Builder; ","")&IF(OR(LEN(TRIM(G9))=0,G9="NEEDS OWNER INPUT"),"Data it uses; ","")&IF(OR(LEN(TRIM(H9))=0,H9="NEEDS OWNER INPUT"),"Data it must never receive; ","")&IF(OR(LEN(TRIM(I9))=0,I9="NEEDS OWNER INPUT"),"Checklist; ","")&IF(OR(LEN(TRIM(J9))=0,J9="NEEDS OWNER INPUT"),"When it is wrong; ","")&IF(AND(M9<>"Yes",OR(LEN(TRIM(E9))=0,E9="NEEDS OWNER INPUT")),"Sign-off owner; ","")&IF(NOT(ISNUMBER(L9)),"Next review date; ",""))
O10: =IF($A10="","",IF(Q10="","Cleared","Not cleared")) | P10: =IF($A10="","",IF(NOT(ISNUMBER(L10)),"No review date",IF(L10<TODAY(),"Overdue",IF(L10-TODAY()<=30,"Due within 30 days","OK")))) | Q10: =IF($A10="","",IF(OR(LEN(TRIM(B10))=0,B10="NEEDS OWNER INPUT"),"What it does; ","")&IF(OR(LEN(TRIM(D10))=0,D10="NEEDS OWNER INPUT"),"Builder; ","")&IF(OR(LEN(TRIM(G10))=0,G10="NEEDS OWNER INPUT"),"Data it uses; ","")&IF(OR(LEN(TRIM(H10))=0,H10="NEEDS OWNER INPUT"),"Data it must never receive; ","")&IF(OR(LEN(TRIM(I10))=0,I10="NEEDS OWNER INPUT"),"Checklist; ","")&IF(OR(LEN(TRIM(J10))=0,J10="NEEDS OWNER INPUT"),"When it is wrong; ","")&IF(AND(M10<>"Yes",OR(LEN(TRIM(E10))=0,E10="NEEDS OWNER INPUT")),"Sign-off owner; ","")&IF(NOT(ISNUMBER(L10)),"Next review date; ",""))
O11: =IF($A11="","",IF(Q11="","Cleared","Not cleared")) | P11: =IF($A11="","",IF(NOT(ISNUMBER(L11)),"No review date",IF(L11<TODAY(),"Overdue",IF(L11-TODAY()<=30,"Due within 30 days","OK")))) | Q11: =IF($A11="","",IF(OR(LEN(TRIM(B11))=0,B11="NEEDS OWNER INPUT"),"What it does; ","")&IF(OR(LEN(TRIM(D11))=0,D11="NEEDS OWNER INPUT"),"Builder; ","")&IF(OR(LEN(TRIM(G11))=0,G11="NEEDS OWNER INPUT"),"Data it uses; ","")&IF(OR(LEN(TRIM(H11))=0,H11="NEEDS OWNER INPUT"),"Data it must never receive; ","")&IF(OR(LEN(TRIM(I11))=0,I11="NEEDS OWNER INPUT"),"Checklist; ","")&IF(OR(LEN(TRIM(J11))=0,J11="NEEDS OWNER INPUT"),"When it is wrong; ","")&IF(AND(M11<>"Yes",OR(LEN(TRIM(E11))=0,E11="NEEDS OWNER INPUT")),"Sign-off owner; ","")&IF(NOT(ISNUMBER(L11)),"Next review date; ",""))
O12: =IF($A12="","",IF(Q12="","Cleared","Not cleared")) | P12: =IF($A12="","",IF(NOT(ISNUMBER(L12)),"No review date",IF(L12<TODAY(),"Overdue",IF(L12-TODAY()<=30,"Due within 30 days","OK")))) | Q12: =IF($A12="","",IF(OR(LEN(TRIM(B12))=0,B12="NEEDS OWNER INPUT"),"What it does; ","")&IF(OR(LEN(TRIM(D12))=0,D12="NEEDS OWNER INPUT"),"Builder; ","")&IF(OR(LEN(TRIM(G12))=0,G12="NEEDS OWNER INPUT"),"Data it uses; ","")&IF(OR(LEN(TRIM(H12))=0,H12="NEEDS OWNER INPUT"),"Data it must never receive; ","")&IF(OR(LEN(TRIM(I12))=0,I12="NEEDS OWNER INPUT"),"Checklist; ","")&IF(OR(LEN(TRIM(J12))=0,J12="NEEDS OWNER INPUT"),"When it is wrong; ","")&IF(AND(M12<>"Yes",OR(LEN(TRIM(E12))=0,E12="NEEDS OWNER INPUT")),"Sign-off owner; ","")&IF(NOT(ISNUMBER(L12)),"Next review date; ",""))
O13: =IF($A13="","",IF(Q13="","Cleared","Not cleared")) | P13: =IF($A13="","",IF(NOT(ISNUMBER(L13)),"No review date",IF(L13<TODAY(),"Overdue",IF(L13-TODAY()<=30,"Due within 30 days","OK")))) | Q13: =IF($A13="","",IF(OR(LEN(TRIM(B13))=0,B13="NEEDS OWNER INPUT"),"What it does; ","")&IF(OR(LEN(TRIM(D13))=0,D13="NEEDS OWNER INPUT"),"Builder; ","")&IF(OR(LEN(TRIM(G13))=0,G13="NEEDS OWNER INPUT"),"Data it uses; ","")&IF(OR(LEN(TRIM(H13))=0,H13="NEEDS OWNER INPUT"),"Data it must never receive; ","")&IF(OR(LEN(TRIM(I13))=0,I13="NEEDS OWNER INPUT"),"Checklist; ","")&IF(OR(LEN(TRIM(J13))=0,J13="NEEDS OWNER INPUT"),"When it is wrong; ","")&IF(AND(M13<>"Yes",OR(LEN(TRIM(E13))=0,E13="NEEDS OWNER INPUT")),"Sign-off owner; ","")&IF(NOT(ISNUMBER(L13)),"Next review date; ",""))
O14: =IF($A14="","",IF(Q14="","Cleared","Not cleared")) | P14: =IF($A14="","",IF(NOT(ISNUMBER(L14)),"No review date",IF(L14<TODAY(),"Overdue",IF(L14-TODAY()<=30,"Due within 30 days","OK")))) | Q14: =IF($A14="","",IF(OR(LEN(TRIM(B14))=0,B14="NEEDS OWNER INPUT"),"What it does; ","")&IF(OR(LEN(TRIM(D14))=0,D14="NEEDS OWNER INPUT"),"Builder; ","")&IF(OR(LEN(TRIM(G14))=0,G14="NEEDS OWNER INPUT"),"Data it uses; ","")&IF(OR(LEN(TRIM(H14))=0,H14="NEEDS OWNER INPUT"),"Data it must never receive; ","")&IF(OR(LEN(TRIM(I14))=0,I14="NEEDS OWNER INPUT"),"Checklist; ","")&IF(OR(LEN(TRIM(J14))=0,J14="NEEDS OWNER INPUT"),"When it is wrong; ","")&IF(AND(M14<>"Yes",OR(LEN(TRIM(E14))=0,E14="NEEDS OWNER INPUT")),"Sign-off owner; ","")&IF(NOT(ISNUMBER(L14)),"Next review date; ",""))
O15: =IF($A15="","",IF(Q15="","Cleared","Not cleared")) | P15: =IF($A15="","",IF(NOT(ISNUMBER(L15)),"No review date",IF(L15<TODAY(),"Overdue",IF(L15-TODAY()<=30,"Due within 30 days","OK")))) | Q15: =IF($A15="","",IF(OR(LEN(TRIM(B15))=0,B15="NEEDS OWNER INPUT"),"What it does; ","")&IF(OR(LEN(TRIM(D15))=0,D15="NEEDS OWNER INPUT"),"Builder; ","")&IF(OR(LEN(TRIM(G15))=0,G15="NEEDS OWNER INPUT"),"Data it uses; ","")&IF(OR(LEN(TRIM(H15))=0,H15="NEEDS OWNER INPUT"),"Data it must never receive; ","")&IF(OR(LEN(TRIM(I15))=0,I15="NEEDS OWNER INPUT"),"Checklist; ","")&IF(OR(LEN(TRIM(J15))=0,J15="NEEDS OWNER INPUT"),"When it is wrong; ","")&IF(AND(M15<>"Yes",OR(LEN(TRIM(E15))=0,E15="NEEDS OWNER INPUT")),"Sign-off owner; ","")&IF(NOT(ISNUMBER(L15)),"Next review date; ",""))
... O101: =IF($A101="","",IF(Q101="","Cleared","Not cleared")) | P101: =IF($A101="","",IF(NOT(ISNUMBER(L101)),"No review date",IF(L101<TODAY(),"Overdue",IF(L101-TODAY()<=30,"Due within 30 days","OK")))) | Q101: =IF($A101="","",IF(OR(LEN(TRIM(B101))=0,B101="NEEDS OWNER INPUT"),"What it does; ","")&IF(OR(LEN(TRIM(D101))=0,D101="NEEDS OWNER INPUT"),"Builder; ","")&IF(OR(LEN(TRIM(G101))=0,G101="NEEDS OWNER INPUT"),"Data it uses; ","")&IF(OR(LEN(TRIM(H101))=0,H101="NEEDS OWNER INPUT"),"Data it must never receive; ","")&IF(OR(LEN(TRIM(I101))=0,I101="NEEDS OWNER INPUT"),"Checklist; ","")&IF(OR(LEN(TRIM(J101))=0,J101="NEEDS OWNER INPUT"),"When it is wrong; ","")&IF(AND(M101<>"Yes",OR(LEN(TRIM(E101))=0,E101="NEEDS OWNER INPUT")),"Sign-off owner; ","")&IF(NOT(ISNUMBER(L101)),"Next review date; ",""))

Sheet Change Log
A1: Date | B1: Tool | C1: What changed | D1: Changed by | E1: Approved by (sign-off owner) | F1: Reference (card file, version, link)
A2: 46309 | B2: Kretz Parcel Scout | C2: Example: added card; builder accepts ownership until a sign-off owner is named | D2: NTC trainer | E2: Builder (accepted) | F2: kretz-ai-tool-card_kretz-parcel-scout.json

Sheet Review Log
A1: Date | B1: Tool | C1: Checklist used | D1: Decision | E1: Failing items (if any) | F1: Reviewer | G1: Evidence (file or link)

Sheet Human Checks
A1: What a human still has to check
A2: The workbook tracks; it does not judge. These stay with people.
A4: # | B4: Check | C4: Why it matters
A5: 1 | B5: Is every AI tool actually in the register? | C5: Tools nobody registered are the ones nobody reviews. Ask each department once a quarter.
A6: 2 | B6: Is the named sign-off owner the right person, and do they know? | C6: A name in a cell is not ownership until that person has agreed to it.
A7: 3 | B7: "Cleared" means the card is complete, not that the tool is correct. | C7: Only checklist reviews of real output (Review Log) show whether the tool works.
A8: 4 | B8: Do the checklists still match real outcomes? | C8: Checklist owners compare their lists with what actually went wrong, on the review date.
A9: 5 | B9: Did anyone type over a formula? | C9: Status and Review are formulas. A typed "Cleared" hides missing fields.

Sheet Lists
A1: Platforms
A2: ChatGPT Custom GPT
A3: ChatGPT conversation / project
A4: Microsoft Copilot
A5: Web app (Vercel)
A6: Excel / spreadsheet
A7: Vendor software
A8: Other
