Workbook

Sheet Assumptions
A1: Haul Cost Model — Assumptions
A2: Yellow cells are inputs. Everything else on other sheets is a formula.
A4: Assumption | B4: Value | C4: Unit | D4: Source / note
A5: Round trip factor | B5: 2 | C5: x one-way | D5: Loaded out, empty back. Change if backhauls are booked.
A6: Equipment cost per mile | B6: 0.62 | C6: $/mile | D6: PLACEHOLDER — replace with the real figure from Kretz.
A7: Overhead per load | B7: 45 | C7: $/load | D7: PLACEHOLDER — replace with the real figure from Kretz.
A8: Driving-hours screening threshold | B8: 11 | C8: hours | D8: Training flag only. Confirm applicable HOS rules, exceptions, and company policy.
A9: Min plausible miles | B9: 8 | C9: miles | D9: Below this, a destination-mileage mismatch is likely.
A11: Two of these are placeholders on purpose.
A12: A model that hides its guesses is worse than one that labels them. Replace before using for a real decision.
A14: HOS source: https://www.fmcsa.dot.gov/regulations/hours-service/summary-hours-service-regulations

Sheet Haul Data
A1: Load Id | B1: Date | C1: Origin | D1: Destination | E1: One Way Miles | F1: Species | G1: Grade | H1: Board Feet | I1: Truck Id | J1: Driving Hours | K1: Fuel Gallons | L1: Fuel Price Per Gal | M1: Driver Rate Per Hour | N1: Tolls And Permits
A2: HL-1001 | B2: 2026-06-09 | C2: Antigo Yard | D2: Aniwa | E2: 24 | F2: Soft Maple | G2: 2AC | H2: 5800 | I2: T-11 | J2: 2.64 | K2: 9.6 | L2: 3.81 | M2: 28.5 | N2: 0
A3: HL-1002 | B3: 2026-04-02 | C3: Antigo Yard | D3: Tomahawk | E3: 38 | F3: White Ash | G3: Select | H3: 2800 | I3: T-12 | J3: 2.6 | K3: 14.8 | L3: 3.95 | M3: 28.5 | N3: 0
A4: HL-1003 | B4: 2026-05-12 | C4: Antigo Yard | D4: Merrill | E4: 32 | F4: Aspen | G4: 1C | H4: 3400 | I4: T-14 | J4: 2.12 | K4: 14.9 | L4: 3.96 | M4: 29.75 | N4: 15
A5: HL-1004 | B5: 2026-06-03 | C5: Antigo Yard | D5: Shawano | E5: 48 | F5: Red Oak | G5: F1F | H5: 3400 | I5: T-12 | J5: 3.38 | K5: 18.5 | L5: 4.15 | M5: 28.5 | N5: 0
A6: HL-1005 | B6: 2026-05-27 | C6: Antigo Yard | D6: Mattoon | E6: 16 | F6: Basswood | G6: 3AC | H6: 5800 | I6: T-17 | J6: 2.29 | K6: 7.2 | L6: 4.08 | M6: 28.5 | N6: 25
A7: HL-1006 | B7: 2026-06-21 | C7: Antigo Yard | D7: Elcho | E7: 18 | F7: Basswood | G7: F1F | H7: 7000 | I7: T-14 | J7: 1.78 | K7: 8.6 | L7: 4.11 | M7: 31 | N7: 15
A8: HL-1007 | B8: 2026-06-23 | C8: Antigo Yard | D8: Shawano | E8: 48 | F8: Aspen | G8: F1F | H8: 0 | I8: T-14 | J8: 3.4 | K8: 20.1 | L8: 3.79 | M8: 28.5 | N8: 0
A9: HL-1008 | B9: 2026-05-10 | C9: Antigo Yard | D9: Wittenberg | E9: 30 | F9: Hard Maple | G9: F1F | H9: 4100 | I9: T-11 | J9: 2.59 | K9: 12 | L9: 3.72 | M9: 31 | N9: 40
A10: HL-1009 | B10: 2026-05-23 | C10: Antigo Yard | D10: Eagle River | E10: 62 | F10: White Ash | G10: F1F | H10: 5200 | I10: T-21 | J10: 3.51 | K10: 23.5 | L10: 4.04 | M10: 31 | N10: 40
A11: HL-1010 | B11: 2026-04-01 | C11: Antigo Yard | D11: Stevens Point | E11: 76 | F11: Aspen | G11: 1C | H11: 6300 | I11: T-17 | J11: 3.75 | K11: 28.8 | L11: 4.12 | M11: 31 | N11: 0
A12: HL-1011 | B12: 2026-05-28 | C12: Antigo Yard | D12: Wausau | E12: 42 | F12: Basswood | G12: 1C | H12: 3400 | I12: T-11 | J12: 2.61 | K12: 19 | L12: 3.85 | M12: 29.75 | N12: 15
A13: HL-1012 | B13: 2026-06-24 | C13: Antigo Yard | D13: Aniwa | E13: 24 | F13: Red Oak | G13: Select | H13: 6300 | I13: T-11 | J13: 2.48 | K13: 12.2 | L13: 3.95 | M13: 28.5 | N13: 0
A14: HL-1013 | B14: 2026-05-10 | C14: Antigo Yard | D14: Elcho | E14: 18 | F14: Red Oak | G14: FAS | H14: 7000 | I14: T-11 | J14: 1.77 | K14: 9.9 | L14: 3.78 | M14: 28.5 | N14: 15
A15: HL-1014 | B15: 2026-04-09 | C15: Antigo Yard | D15: Crandon | E15: 44 | F15: Red Oak | G15: 2AC | H15: 2800 | I15: T-17 | J15: 2.66 | L15: 3.67 | M15: 29.75 | N15: 40
A16: HL-1015 | B16: 2026-04-01 | C16: Antigo Yard | D16: Wittenberg | E16: 30 | F16: Aspen | G16: 3AC | H16: 7000 | I16: T-11 | J16: 2.28 | K16: 13.4 | L16: 4.08 | M16: 29.75 | N16: 15
A17: HL-1016 | B17: 2026-04-24 | C17: Antigo Yard | D17: Elcho | E17: 18 | F17: Hard Maple | G17: Select | H17: 2800 | I17: T-21 | J17: 1.66 | K17: 7.9 | L17: 3.9 | M17: 31 | N17: 0
A18: HL-1017 | B18: 2026-04-15 | C18: Antigo Yard | D18: Shawano | E18: 48 | F18: Red Oak | G18: 2AC | H18: 2800 | I18: T-11 | J18: 2.76 | K18: 18.5 | L18: 3.85 | M18: 29.75 | N18: 25
A19: HL-1018 | B19: 2026-05-18 | C19: Antigo Yard | D19: Elcho | E19: 18 | F19: Soft Maple | G19: 1C | H19: 4600 | I19: T-11 | J19: 2.24 | K19: 9.5 | L19: 4.08 | M19: 29.75 | N19: 0
A20: HL-1019 | B20: 2026-05-28 | C20: Antigo Yard | D20: Crandon | E20: 44 | F20: White Ash | G20: 3AC | H20: 4100 | I20: T-12 | J20: 2.97 | K20: 18.4 | L20: 3.88 | M20: 31 | N20: 25
A21: HL-1020 | B21: 2026-04-18 | C21: Antigo Yard | D21: Stevens Point | E21: 3 | F21: White Ash | G21: Select | H21: 6300 | I21: T-11 | J21: 1.78 | K21: 8.4 | L21: 3.95 | M21: 31 | N21: 25
A22: HL-1021 | B22: 2026-05-06 | C22: Antigo Yard | D22: Rhinelander | E22: 45 | F22: White Ash | G22: 1C | H22: 6300 | I22: T-11 | J22: 2.79 | K22: 18.6 | L22: 3.79 | M22: 31 | N22: 0
A23: HL-1022 | B23: 2026-05-01 | C23: Antigo Yard | D23: Deerbrook | E23: 12 | F23: White Ash | G23: 1C | H23: 2800 | I23: T-21 | J23: 2.25 | K23: 7.3 | L23: 3.64 | M23: 28.5 | N23: 40
A24: HL-1023 | B24: 2026-06-24 | C24: Antigo Yard | D24: Wausau | E24: 42 | F24: Soft Maple | G24: 2AC | H24: 3400 | I24: T-21 | J24: 26.5 | K24: 16.6 | L24: 4.04 | M24: 31 | N24: 0
A25: HL-1024 | B25: 2026-05-10 | C25: Antigo Yard | D25: Wittenberg | E25: 30 | F25: White Ash | G25: Select | H25: 4600 | I25: T-17 | J25: 2.06 | K25: 14.7 | L25: 3.62 | M25: 29.75 | N25: 0
A26: HL-1025 | B26: 2026-04-14 | C26: Antigo Yard | D26: Tomahawk | E26: 38 | F26: Hard Maple | G26: 1C | H26: 6300 | I26: T-11 | J26: 2.32 | K26: 16.9 | L26: 4.05 | M26: 29.75 | N26: 40
A27: HL-1026 | B27: 2026-05-09 | C27: Antigo Yard | D27: Shawano | E27: 48 | F27: Aspen | G27: 2AC | H27: 3400 | I27: T-14 | J27: 3.31 | K27: 18.3 | L27: 3.97 | M27: 28.5 | N27: 15
... A29: HL-1028 | B29: 2026-04-02 | C29: Antigo Yard | D29: Wausau | E29: 42 | F29: Yellow Birch | G29: FAS | H29: 6300 | I29: T-11 | J29: 3.19 | K29: 17.4 | L29: 4.15 | M29: 29.75 | N29: 15

Sheet Cost Analysis
A1: Load ID | B1: Destination | C1: Species | D1: Grade | E1: Round Trip Miles | F1: Board Feet | G1: MBF | H1: Fuel Cost | I1: Driver Cost | J1: Equipment Cost | K1: Overhead | L1: Total Cost | M1: Cost / Mile | N1: Cost / MBF | O1: Flag
A2: ='Haul Data'!A2 -> HL-1001 | B2: ='Haul Data'!D2 -> Aniwa | C2: ='Haul Data'!F2 -> Soft Maple | D2: ='Haul Data'!G2 -> 2AC | E2: ='Haul Data'!E2*Assumptions!$B$5 -> 48 | F2: ='Haul Data'!H2 -> 5800 | G2: =F2/1000 -> 5.8 | H2: =IFERROR('Haul Data'!K2*'Haul Data'!L2,0) -> 36.576 | I2: =IFERROR('Haul Data'!J2*'Haul Data'!M2,0) -> 75.24 | J2: =E2*Assumptions!$B$6 -> 29.76 | K2: =Assumptions!$B$7 -> 45 | L2: =SUM(H2:K2)+'Haul Data'!N2 -> 186.576 | M2: =IFERROR(L2/E2,"check miles") -> 3.887 | N2: =IFERROR(L2/G2,"no volume") -> 32.168276 | O2: =IF(F2=0,"Zero board feet",IF('Haul Data'!K2="","Missing fuel",IF('Haul Data'!J2>Assumptions!$B$8,"Driving-hours screening flag",IF('Haul Data'!E2<Assumptions!$B$9,"Miles look wrong","OK")))) -> OK
A3: ='Haul Data'!A3 -> HL-1002 | B3: ='Haul Data'!D3 -> Tomahawk | C3: ='Haul Data'!F3 -> White Ash | D3: ='Haul Data'!G3 -> Select | E3: ='Haul Data'!E3*Assumptions!$B$5 -> 76 | F3: ='Haul Data'!H3 -> 2800 | G3: =F3/1000 -> 2.8 | H3: =IFERROR('Haul Data'!K3*'Haul Data'!L3,0) -> 58.46 | I3: =IFERROR('Haul Data'!J3*'Haul Data'!M3,0) -> 74.1 | J3: =E3*Assumptions!$B$6 -> 47.12 | K3: =Assumptions!$B$7 -> 45 | L3: =SUM(H3:K3)+'Haul Data'!N3 -> 224.68 | M3: =IFERROR(L3/E3,"check miles") -> 2.9563158 | N3: =IFERROR(L3/G3,"no volume") -> 80.242857 | O3: =IF(F3=0,"Zero board feet",IF('Haul Data'!K3="","Missing fuel",IF('Haul Data'!J3>Assumptions!$B$8,"Driving-hours screening flag",IF('Haul Data'!E3<Assumptions!$B$9,"Miles look wrong","OK")))) -> OK
A4: ='Haul Data'!A4 -> HL-1003 | B4: ='Haul Data'!D4 -> Merrill | C4: ='Haul Data'!F4 -> Aspen | D4: ='Haul Data'!G4 -> 1C | E4: ='Haul Data'!E4*Assumptions!$B$5 -> 64 | F4: ='Haul Data'!H4 -> 3400 | G4: =F4/1000 -> 3.4 | H4: =IFERROR('Haul Data'!K4*'Haul Data'!L4,0) -> 59.004 | I4: =IFERROR('Haul Data'!J4*'Haul Data'!M4,0) -> 63.07 | J4: =E4*Assumptions!$B$6 -> 39.68 | K4: =Assumptions!$B$7 -> 45 | L4: =SUM(H4:K4)+'Haul Data'!N4 -> 221.754 | M4: =IFERROR(L4/E4,"check miles") -> 3.4649062 | N4: =IFERROR(L4/G4,"no volume") -> 65.221765 | O4: =IF(F4=0,"Zero board feet",IF('Haul Data'!K4="","Missing fuel",IF('Haul Data'!J4>Assumptions!$B$8,"Driving-hours screening flag",IF('Haul Data'!E4<Assumptions!$B$9,"Miles look wrong","OK")))) -> OK
A5: ='Haul Data'!A5 -> HL-1004 | B5: ='Haul Data'!D5 -> Shawano | C5: ='Haul Data'!F5 -> Red Oak | D5: ='Haul Data'!G5 -> F1F | E5: ='Haul Data'!E5*Assumptions!$B$5 -> 96 | F5: ='Haul Data'!H5 -> 3400 | G5: =F5/1000 -> 3.4 | H5: =IFERROR('Haul Data'!K5*'Haul Data'!L5,0) -> 76.775 | I5: =IFERROR('Haul Data'!J5*'Haul Data'!M5,0) -> 96.33 | J5: =E5*Assumptions!$B$6 -> 59.52 | K5: =Assumptions!$B$7 -> 45 | L5: =SUM(H5:K5)+'Haul Data'!N5 -> 277.625 | M5: =IFERROR(L5/E5,"check miles") -> 2.8919271 | N5: =IFERROR(L5/G5,"no volume") -> 81.654412 | O5: =IF(F5=0,"Zero board feet",IF('Haul Data'!K5="","Missing fuel",IF('Haul Data'!J5>Assumptions!$B$8,"Driving-hours screening flag",IF('Haul Data'!E5<Assumptions!$B$9,"Miles look wrong","OK")))) -> OK
A6: ='Haul Data'!A6 -> HL-1005 | B6: ='Haul Data'!D6 -> Mattoon | C6: ='Haul Data'!F6 -> Basswood | D6: ='Haul Data'!G6 -> 3AC | E6: ='Haul Data'!E6*Assumptions!$B$5 -> 32 | F6: ='Haul Data'!H6 -> 5800 | G6: =F6/1000 -> 5.8 | H6: =IFERROR('Haul Data'!K6*'Haul Data'!L6,0) -> 29.376 | I6: =IFERROR('Haul Data'!J6*'Haul Data'!M6,0) -> 65.265 | J6: =E6*Assumptions!$B$6 -> 19.84 | K6: =Assumptions!$B$7 -> 45 | L6: =SUM(H6:K6)+'Haul Data'!N6 -> 184.481 | M6: =IFERROR(L6/E6,"check miles") -> 5.7650312 | N6: =IFERROR(L6/G6,"no volume") -> 31.807069 | O6: =IF(F6=0,"Zero board feet",IF('Haul Data'!K6="","Missing fuel",IF('Haul Data'!J6>Assumptions!$B$8,"Driving-hours screening flag",IF('Haul Data'!E6<Assumptions!$B$9,"Miles look wrong","OK")))) -> OK
A7: ='Haul Data'!A7 -> HL-1006 | B7: ='Haul Data'!D7 -> Elcho | C7: ='Haul Data'!F7 -> Basswood | D7: ='Haul Data'!G7 -> F1F | E7: ='Haul Data'!E7*Assumptions!$B$5 -> 36 | F7: ='Haul Data'!H7 -> 7000 | G7: =F7/1000 -> 7 | H7: =IFERROR('Haul Data'!K7*'Haul Data'!L7,0) -> 35.346 | I7: =IFERROR('Haul Data'!J7*'Haul Data'!M7,0) -> 55.18 | J7: =E7*Assumptions!$B$6 -> 22.32 | K7: =Assumptions!$B$7 -> 45 | L7: =SUM(H7:K7)+'Haul Data'!N7 -> 172.846 | M7: =IFERROR(L7/E7,"check miles") -> 4.8012778 | N7: =IFERROR(L7/G7,"no volume") -> 24.692286 | O7: =IF(F7=0,"Zero board feet",IF('Haul Data'!K7="","Missing fuel",IF('Haul Data'!J7>Assumptions!$B$8,"Driving-hours screening flag",IF('Haul Data'!E7<Assumptions!$B$9,"Miles look wrong","OK")))) -> OK
A8: ='Haul Data'!A8 -> HL-1007 | B8: ='Haul Data'!D8 -> Shawano | C8: ='Haul Data'!F8 -> Aspen | D8: ='Haul Data'!G8 -> F1F | E8: ='Haul Data'!E8*Assumptions!$B$5 -> 96 | F8: ='Haul Data'!H8 -> 0 | G8: =F8/1000 -> 0 | H8: =IFERROR('Haul Data'!K8*'Haul Data'!L8,0) -> 76.179 | I8: =IFERROR('Haul Data'!J8*'Haul Data'!M8,0) -> 96.9 | J8: =E8*Assumptions!$B$6 -> 59.52 | K8: =Assumptions!$B$7 -> 45 | L8: =SUM(H8:K8)+'Haul Data'!N8 -> 277.599 | M8: =IFERROR(L8/E8,"check miles") -> 2.8916563 | N8: =IFERROR(L8/G8,"no volume") -> no volume | O8: =IF(F8=0,"Zero board feet",IF('Haul Data'!K8="","Missing fuel",IF('Haul Data'!J8>Assumptions!$B$8,"Driving-hours screening flag",IF('Haul Data'!E8<Assumptions!$B$9,"Miles look wrong","OK")))) -> Zero board feet
A9: ='Haul Data'!A9 -> HL-1008 | B9: ='Haul Data'!D9 -> Wittenberg | C9: ='Haul Data'!F9 -> Hard Maple | D9: ='Haul Data'!G9 -> F1F | E9: ='Haul Data'!E9*Assumptions!$B$5 -> 60 | F9: ='Haul Data'!H9 -> 4100 | G9: =F9/1000 -> 4.1 | H9: =IFERROR('Haul Data'!K9*'Haul Data'!L9,0) -> 44.64 | I9: =IFERROR('Haul Data'!J9*'Haul Data'!M9,0) -> 80.29 | J9: =E9*Assumptions!$B$6 -> 37.2 | K9: =Assumptions!$B$7 -> 45 | L9: =SUM(H9:K9)+'Haul Data'!N9 -> 247.13 | M9: =IFERROR(L9/E9,"check miles") -> 4.1188333 | N9: =IFERROR(L9/G9,"no volume") -> 60.27561 | O9: =IF(F9=0,"Zero board feet",IF('Haul Data'!K9="","Missing fuel",IF('Haul Data'!J9>Assumptions!$B$8,"Driving-hours screening flag",IF('Haul Data'!E9<Assumptions!$B$9,"Miles look wrong","OK")))) -> OK
A10: ='Haul Data'!A10 -> HL-1009 | B10: ='Haul Data'!D10 -> Eagle River | C10: ='Haul Data'!F10 -> White Ash | D10: ='Haul Data'!G10 -> F1F | E10: ='Haul Data'!E10*Assumptions!$B$5 -> 124 | F10: ='Haul Data'!H10 -> 5200 | G10: =F10/1000 -> 5.2 | H10: =IFERROR('Haul Data'!K10*'Haul Data'!L10,0) -> 94.94 | I10: =IFERROR('Haul Data'!J10*'Haul Data'!M10,0) -> 108.81 | J10: =E10*Assumptions!$B$6 -> 76.88 | K10: =Assumptions!$B$7 -> 45 | L10: =SUM(H10:K10)+'Haul Data'!N10 -> 365.63 | M10: =IFERROR(L10/E10,"check miles") -> 2.948629 | N10: =IFERROR(L10/G10,"no volume") -> 70.313462 | O10: =IF(F10=0,"Zero board feet",IF('Haul Data'!K10="","Missing fuel",IF('Haul Data'!J10>Assumptions!$B$8,"Driving-hours screening flag",IF('Haul Data'!E10<Assumptions!$B$9,"Miles look wrong","OK")))) -> OK
A11: ='Haul Data'!A11 -> HL-1010 | B11: ='Haul Data'!D11 -> Stevens Point | C11: ='Haul Data'!F11 -> Aspen | D11: ='Haul Data'!G11 -> 1C | E11: ='Haul Data'!E11*Assumptions!$B$5 -> 152 | F11: ='Haul Data'!H11 -> 6300 | G11: =F11/1000 -> 6.3 | H11: =IFERROR('Haul Data'!K11*'Haul Data'!L11,0) -> 118.656 | I11: =IFERROR('Haul Data'!J11*'Haul Data'!M11,0) -> 116.25 | J11: =E11*Assumptions!$B$6 -> 94.24 | K11: =Assumptions!$B$7 -> 45 | L11: =SUM(H11:K11)+'Haul Data'!N11 -> 374.146 | M11: =IFERROR(L11/E11,"check miles") -> 2.4614868 | N11: =IFERROR(L11/G11,"no volume") -> 59.388254 | O11: =IF(F11=0,"Zero board feet",IF('Haul Data'!K11="","Missing fuel",IF('Haul Data'!J11>Assumptions!$B$8,"Driving-hours screening flag",IF('Haul Data'!E11<Assumptions!$B$9,"Miles look wrong","OK")))) -> OK
A12: ='Haul Data'!A12 -> HL-1011 | B12: ='Haul Data'!D12 -> Wausau | C12: ='Haul Data'!F12 -> Basswood | D12: ='Haul Data'!G12 -> 1C | E12: ='Haul Data'!E12*Assumptions!$B$5 -> 84 | F12: ='Haul Data'!H12 -> 3400 | G12: =F12/1000 -> 3.4 | H12: =IFERROR('Haul Data'!K12*'Haul Data'!L12,0) -> 73.15 | I12: =IFERROR('Haul Data'!J12*'Haul Data'!M12,0) -> 77.6475 | J12: =E12*Assumptions!$B$6 -> 52.08 | K12: =Assumptions!$B$7 -> 45 | L12: =SUM(H12:K12)+'Haul Data'!N12 -> 262.8775 | M12: =IFERROR(L12/E12,"check miles") -> 3.129494 | N12: =IFERROR(L12/G12,"no volume") -> 77.316912 | O12: =IF(F12=0,"Zero board feet",IF('Haul Data'!K12="","Missing fuel",IF('Haul Data'!J12>Assumptions!$B$8,"Driving-hours screening flag",IF('Haul Data'!E12<Assumptions!$B$9,"Miles look wrong","OK")))) -> OK
A13: ='Haul Data'!A13 -> HL-1012 | B13: ='Haul Data'!D13 -> Aniwa | C13: ='Haul Data'!F13 -> Red Oak | D13: ='Haul Data'!G13 -> Select | E13: ='Haul Data'!E13*Assumptions!$B$5 -> 48 | F13: ='Haul Data'!H13 -> 6300 | G13: =F13/1000 -> 6.3 | H13: =IFERROR('Haul Data'!K13*'Haul Data'!L13,0) -> 48.19 | I13: =IFERROR('Haul Data'!J13*'Haul Data'!M13,0) -> 70.68 | J13: =E13*Assumptions!$B$6 -> 29.76 | K13: =Assumptions!$B$7 -> 45 | L13: =SUM(H13:K13)+'Haul Data'!N13 -> 193.63 | M13: =IFERROR(L13/E13,"check miles") -> 4.0339583 | N13: =IFERROR(L13/G13,"no volume") -> 30.734921 | O13: =IF(F13=0,"Zero board feet",IF('Haul Data'!K13="","Missing fuel",IF('Haul Data'!J13>Assumptions!$B$8,"Driving-hours screening flag",IF('Haul Data'!E13<Assumptions!$B$9,"Miles look wrong","OK")))) -> OK
... A29: ='Haul Data'!A29 -> HL-1028 | B29: ='Haul Data'!D29 -> Wausau | C29: ='Haul Data'!F29 -> Yellow Birch | D29: ='Haul Data'!G29 -> FAS | E29: ='Haul Data'!E29*Assumptions!$B$5 -> 84 | F29: ='Haul Data'!H29 -> 6300 | G29: =F29/1000 -> 6.3 | H29: =IFERROR('Haul Data'!K29*'Haul Data'!L29,0) -> 72.21 | I29: =IFERROR('Haul Data'!J29*'Haul Data'!M29,0) -> 94.9025 | J29: =E29*Assumptions!$B$6 -> 52.08 | K29: =Assumptions!$B$7 -> 45 | L29: =SUM(H29:K29)+'Haul Data'!N29 -> 279.1925 | M29: =IFERROR(L29/E29,"check miles") -> 3.3237202 | N29: =IFERROR(L29/G29,"no volume") -> 44.31627 | O29: =IF(F29=0,"Zero board feet",IF('Haul Data'!K29="","Missing fuel",IF('Haul Data'!J29>Assumptions!$B$8,"Driving-hours screening flag",IF('Haul Data'!E29<Assumptions!$B$9,"Miles look wrong","OK")))) -> OK
A30: TOTAL | F30: =SUM(F2:F29) -> 129200 | H30: =SUM(H2:H29) -> 1580.079 | I30: =SUM(I2:I29) -> 2896.66 | J30: =SUM(J2:J29) -> 1202.8 | K30: =SUM(K2:K29) -> 1260 | L30: =SUM(L2:L29) -> 7384.539 | N30: =IFERROR(L30/(F30/1000),"") -> 57.155875

Sheet Summary
A1: Cost summary by species
A3: Species | B3: Loads | C3: Board Feet | D3: Total Cost | E3: Cost / MBF
A4: Aspen | B4: =COUNTIF('Cost Analysis'!$C$2:$C$29,$A4) -> 5 | C4: =SUMIF('Cost Analysis'!$C$2:$C$29,$A4,'Cost Analysis'!$F$2:$F$29) -> 20100 | D4: =SUMIF('Cost Analysis'!$C$2:$C$29,$A4,'Cost Analysis'!$L$2:$L$29) -> 1379.707 | E4: =IFERROR(D4/(C4/1000),"no volume") -> 68.642139
A5: Basswood | B5: =COUNTIF('Cost Analysis'!$C$2:$C$29,$A5) -> 3 | C5: =SUMIF('Cost Analysis'!$C$2:$C$29,$A5,'Cost Analysis'!$F$2:$F$29) -> 16200 | D5: =SUMIF('Cost Analysis'!$C$2:$C$29,$A5,'Cost Analysis'!$L$2:$L$29) -> 620.2045 | E5: =IFERROR(D5/(C5/1000),"no volume") -> 38.284228
A6: Hard Maple | B6: =COUNTIF('Cost Analysis'!$C$2:$C$29,$A6) -> 3 | C6: =SUMIF('Cost Analysis'!$C$2:$C$29,$A6,'Cost Analysis'!$F$2:$F$29) -> 13200 | D6: =SUMIF('Cost Analysis'!$C$2:$C$29,$A6,'Cost Analysis'!$L$2:$L$29) -> 666.305 | E6: =IFERROR(D6/(C6/1000),"no volume") -> 50.477652
A7: Red Oak | B7: =COUNTIF('Cost Analysis'!$C$2:$C$29,$A7) -> 5 | C7: =SUMIF('Cost Analysis'!$C$2:$C$29,$A7,'Cost Analysis'!$F$2:$F$29) -> 22300 | D7: =SUMIF('Cost Analysis'!$C$2:$C$29,$A7,'Cost Analysis'!$L$2:$L$29) -> 1142.992 | E7: =IFERROR(D7/(C7/1000),"no volume") -> 51.255247
A8: Soft Maple | B8: =COUNTIF('Cost Analysis'!$C$2:$C$29,$A8) -> 4 | C8: =SUMIF('Cost Analysis'!$C$2:$C$29,$A8,'Cost Analysis'!$F$2:$F$29) -> 19000 | D8: =SUMIF('Cost Analysis'!$C$2:$C$29,$A8,'Cost Analysis'!$L$2:$L$29) -> 1610.666 | E8: =IFERROR(D8/(C8/1000),"no volume") -> 84.771895
A9: White Ash | B9: =COUNTIF('Cost Analysis'!$C$2:$C$29,$A9) -> 7 | C9: =SUMIF('Cost Analysis'!$C$2:$C$29,$A9,'Cost Analysis'!$F$2:$F$29) -> 32100 | D9: =SUMIF('Cost Analysis'!$C$2:$C$29,$A9,'Cost Analysis'!$L$2:$L$29) -> 1685.472 | E9: =IFERROR(D9/(C9/1000),"no volume") -> 52.506916
A10: Yellow Birch | B10: =COUNTIF('Cost Analysis'!$C$2:$C$29,$A10) -> 1 | C10: =SUMIF('Cost Analysis'!$C$2:$C$29,$A10,'Cost Analysis'!$F$2:$F$29) -> 6300 | D10: =SUMIF('Cost Analysis'!$C$2:$C$29,$A10,'Cost Analysis'!$L$2:$L$29) -> 279.1925 | E10: =IFERROR(D10/(C10/1000),"no volume") -> 44.31627
A11: TOTAL | B11: =SUM(B4:B10) -> 28 | C11: =SUM(C4:C10) -> 129200 | D11: =SUM(D4:D10) -> 7384.539
A14: Cost summary by grade
A16: Grade | B16: Loads | C16: Board Feet | D16: Total Cost | E16: Cost / MBF
A17: 1C | B17: =COUNTIF('Cost Analysis'!$D$2:$D$29,$A17) -> 8 | C17: =SUMIF('Cost Analysis'!$D$2:$D$29,$A17,'Cost Analysis'!$F$2:$F$29) -> 38300 | D17: =SUMIF('Cost Analysis'!$D$2:$D$29,$A17,'Cost Analysis'!$L$2:$L$29) -> 2015.1695 | E17: =IFERROR(D17/(C17/1000),"no volume") -> 52.615392
A18: 2AC | B18: =COUNTIF('Cost Analysis'!$D$2:$D$29,$A18) -> 5 | C18: =SUMIF('Cost Analysis'!$D$2:$D$29,$A18,'Cost Analysis'!$F$2:$F$29) -> 18200 | D18: =SUMIF('Cost Analysis'!$D$2:$D$29,$A18,'Cost Analysis'!$L$2:$L$29) -> 1960.276 | E18: =IFERROR(D18/(C18/1000),"no volume") -> 107.70747
A19: 3AC | B19: =COUNTIF('Cost Analysis'!$D$2:$D$29,$A19) -> 3 | C19: =SUMIF('Cost Analysis'!$D$2:$D$29,$A19,'Cost Analysis'!$F$2:$F$29) -> 16900 | D19: =SUMIF('Cost Analysis'!$D$2:$D$29,$A19,'Cost Analysis'!$L$2:$L$29) -> 692.205 | E19: =IFERROR(D19/(C19/1000),"no volume") -> 40.958876
A20: F1F | B20: =COUNTIF('Cost Analysis'!$D$2:$D$29,$A20) -> 5 | C20: =SUMIF('Cost Analysis'!$D$2:$D$29,$A20,'Cost Analysis'!$F$2:$F$29) -> 19700 | D20: =SUMIF('Cost Analysis'!$D$2:$D$29,$A20,'Cost Analysis'!$L$2:$L$29) -> 1340.83 | E20: =IFERROR(D20/(C20/1000),"no volume") -> 68.062437
A21: FAS | B21: =COUNTIF('Cost Analysis'!$D$2:$D$29,$A21) -> 2 | C21: =SUMIF('Cost Analysis'!$D$2:$D$29,$A21,'Cost Analysis'!$F$2:$F$29) -> 13300 | D21: =SUMIF('Cost Analysis'!$D$2:$D$29,$A21,'Cost Analysis'!$L$2:$L$29) -> 449.3795 | E21: =IFERROR(D21/(C21/1000),"no volume") -> 33.787932
A22: Select | B22: =COUNTIF('Cost Analysis'!$D$2:$D$29,$A22) -> 5 | C22: =SUMIF('Cost Analysis'!$D$2:$D$29,$A22,'Cost Analysis'!$F$2:$F$29) -> 22800 | D22: =SUMIF('Cost Analysis'!$D$2:$D$29,$A22,'Cost Analysis'!$L$2:$L$29) -> 926.679 | E22: =IFERROR(D22/(C22/1000),"no volume") -> 40.643816

Sheet Review Warnings
A1: What a human still has to check
A2: This sheet is the point of the exercise. The spreadsheet computes; it does not verify.
A4: # | B4: Warning | C4: Why it matters
A5: 1 | B5: Rows flagged in column O of Cost Analysis | C5: Four rows in this file have deliberate problems: zero board feet, a missing fuel reading, an impossible driver-hours entry, and a mileage that does not match its destination.
A6: 2 | B6: Equipment cost and overhead are placeholders | C6: Both live on the Assumptions sheet in yellow. They are invented. Any total using them is illustrative only.
A7: 3 | B7: Round trip assumes an empty backhaul | C7: If a load is backhauled, the mileage doubling on Cost Analysis column E overstates cost.
A8: 4 | B8: Cost per MBF divides by volume | C8: Any row with zero or blank board feet returns text, not a number. That is intentional — a silent zero would be worse.
A9: 5 | B9: Fuel price is per row, not per fill | C9: If several loads share one fill, fuel cost is being allocated by an assumption nobody has stated.
A10: 6 | B10: Nothing here is reconciled to accounting | C10: These are operational estimates. They have not been tied to the general ledger.
A12: Hours-of-service note | B12: The 11-hour value is a training screening flag for driving time, not a complete compliance determination. Confirm applicable FMCSA rules, exemptions, and company policy.
B13: Source: https://www.fmcsa.dot.gov/regulations/hours-service/summary-hours-service-regulations
